Emittance (um),Beam Radius (um),Beam Radius Fraction
2.0,2.878,0.5
2.0,5.7561,1.0
2.0,11.5121,2.0
2.0,17.2682,3.0
2.0,23.0243,4.0
2.0,28.7803,5.0
2.0702,2.9281,0.5
2.0702,5.8562,1.0
2.0702,11.7124,2.0
2.0702,17.5685,3.0
2.0702,23.4247,4.0
2.0702,29.2809,5.0
2.1404,2.9773,0.5
2.1404,5.9546,1.0
2.1404,11.9092,2.0
2.1404,17.8638,3.0
2.1404,23.8184,4.0
2.1404,29.773,5.0
2.2105,3.0257,0.5
2.2105,6.0514,1.0
2.2105,12.1029,2.0
2.2105,18.1543,3.0
2.2105,24.2058,4.0
2.2105,30.2572,5.0
2.2807,3.0734,0.5
2.2807,6.1467,1.0
2.2807,12.2935,2.0
2.2807,18.4402,3.0
2.2807,24.587,4.0
2.2807,30.7337,5.0
2.3509,3.1203,0.5
2.3509,6.2406,1.0
2.3509,12.4812,2.0
2.3509,18.7218,3.0
2.3509,24.9624,4.0
2.3509,31.203,5.0
2.4211,3.1665,0.5
2.4211,6.333,1.0
2.4211,12.6661,2.0
2.4211,18.9991,3.0
2.4211,25.3322,4.0
2.4211,31.6652,5.0
2.4912,3.2121,0.5
2.4912,6.4242,1.0
2.4912,12.8484,2.0
2.4912,19.2725,3.0
2.4912,25.6967,4.0
2.4912,32.1209,5.0
2.5614,3.257,0.5
2.5614,6.514,1.0
2.5614,13.0281,2.0
2.5614,19.5421,3.0
2.5614,26.0561,4.0
2.5614,32.5701,5.0
2.6316,3.3013,0.5
2.6316,6.6027,1.0
2.6316,13.2053,2.0
2.6316,19.808,3.0
2.6316,26.4106,4.0
2.6316,33.0133,5.0
2.7018,3.3451,0.5
2.7018,6.6901,1.0
2.7018,13.3802,2.0
2.7018,20.0703,3.0
2.7018,26.7605,4.0
2.7018,33.4506,5.0
2.7719,3.3882,0.5
2.7719,6.7764,1.0
2.7719,13.5529,2.0
2.7719,20.3293,3.0
2.7719,27.1058,4.0
2.7719,33.8822,5.0
2.8421,3.4308,0.5
2.8421,6.8617,1.0
2.8421,13.7234,2.0
2.8421,20.5851,3.0
2.8421,27.4467,4.0
2.8421,34.3084,5.0
2.9123,3.4729,0.5
2.9123,6.9459,1.0
2.9123,13.8918,2.0
2.9123,20.8376,3.0
2.9123,27.7835,4.0
2.9123,34.7294,5.0
2.9825,3.5145,0.5
2.9825,7.0291,1.0
2.9825,14.0581,2.0
2.9825,21.0872,3.0
2.9825,28.1163,4.0
2.9825,35.1453,5.0
3.0526,3.5556,0.5
3.0526,7.1113,1.0
3.0526,14.2226,2.0
3.0526,21.3338,3.0
3.0526,28.4451,4.0
3.0526,35.5564,5.0
3.1228,3.5963,0.5
3.1228,7.1926,1.0
3.1228,14.3851,2.0
3.1228,21.5777,3.0
3.1228,28.7702,4.0
3.1228,35.9628,5.0
3.193,3.6365,0.5
3.193,7.2729,1.0
3.193,14.5458,2.0
3.193,21.8188,3.0
3.193,29.0917,4.0
3.193,36.3646,5.0
3.2632,3.6762,0.5
3.2632,7.3524,1.0
3.2632,14.7048,2.0
3.2632,22.0572,3.0
3.2632,29.4096,4.0
3.2632,36.7621,5.0
3.3333,3.7155,0.5
3.3333,7.431,1.0
3.3333,14.8621,2.0
3.3333,22.2931,3.0
3.3333,29.7242,4.0
3.3333,37.1552,5.0
3.4035,3.7544,0.5
3.4035,7.5089,1.0
3.4035,15.0177,2.0
3.4035,22.5266,3.0
3.4035,30.0355,4.0
3.4035,37.5443,5.0
3.4737,3.7929,0.5
3.4737,7.5859,1.0
3.4737,15.1718,2.0
3.4737,22.7576,3.0
3.4737,30.3435,4.0
3.4737,37.9294,5.0
3.5439,3.8311,0.5
3.5439,7.6621,1.0
3.5439,15.3242,2.0
3.5439,22.9864,3.0
3.5439,30.6485,4.0
3.5439,38.3106,5.0
3.614,3.8688,0.5
3.614,7.7376,1.0
3.614,15.4752,2.0
3.614,23.2128,3.0
3.614,30.9504,4.0
3.614,38.6881,5.0
3.6842,3.9062,0.5
3.6842,7.8124,1.0
3.6842,15.6247,2.0
3.6842,23.4371,3.0
3.6842,31.2495,4.0
3.6842,39.0619,5.0
3.7544,3.9432,0.5
3.7544,7.8864,1.0
3.7544,15.7729,2.0
3.7544,23.6593,3.0
3.7544,31.5457,4.0
3.7544,39.4321,5.0
3.8246,3.9799,0.5
3.8246,7.9598,1.0
3.8246,15.9196,2.0
3.8246,23.8794,3.0
3.8246,31.8392,4.0
3.8246,39.7989,5.0
3.8947,4.0162,0.5
3.8947,8.0325,1.0
3.8947,16.065,2.0
3.8947,24.0974,3.0
3.8947,32.1299,4.0
3.8947,40.1624,5.0
3.9649,4.0523,0.5
3.9649,8.1045,1.0
3.9649,16.209,2.0
3.9649,24.3136,3.0
3.9649,32.4181,4.0
3.9649,40.5226,5.0
4.0351,4.088,0.5
4.0351,8.1759,1.0
4.0351,16.3519,2.0
4.0351,24.5278,3.0
4.0351,32.7037,4.0
4.0351,40.8797,5.0
4.1053,4.1234,0.5
4.1053,8.2467,1.0
4.1053,16.4934,2.0
4.1053,24.7402,3.0
4.1053,32.9869,4.0
4.1053,41.2336,5.0
4.1754,4.1585,0.5
4.1754,8.3169,1.0
4.1754,16.6338,2.0
4.1754,24.9507,3.0
4.1754,33.2676,4.0
4.1754,41.5845,5.0
4.2456,4.1933,0.5
4.2456,8.3865,1.0
4.2456,16.773,2.0
4.2456,25.1595,3.0
4.2456,33.546,4.0
4.2456,41.9325,5.0
4.3158,4.2278,0.5
4.3158,8.4555,1.0
4.3158,16.9111,2.0
4.3158,25.3666,3.0
4.3158,33.8221,4.0
4.3158,42.2777,5.0
4.386,4.262,0.5
4.386,8.524,1.0
4.386,17.048,2.0
4.386,25.572,3.0
4.386,34.096,4.0
4.386,42.62,5.0
4.4561,4.296,0.5
4.4561,8.5919,1.0
4.4561,17.1838,2.0
4.4561,25.7758,3.0
4.4561,34.3677,4.0
4.4561,42.9596,5.0
4.5263,4.3297,0.5
4.5263,8.6593,1.0
4.5263,17.3186,2.0
4.5263,25.9779,3.0
4.5263,34.6372,4.0
4.5263,43.2965,5.0
4.5965,4.3631,0.5
4.5965,8.7262,1.0
4.5965,17.4524,2.0
4.5965,26.1785,3.0
4.5965,34.9047,4.0
4.5965,43.6309,5.0
4.6667,4.3963,0.5
4.6667,8.7925,1.0
4.6667,17.5851,2.0
4.6667,26.3776,3.0
4.6667,35.1701,4.0
4.6667,43.9627,5.0
4.7368,4.4292,0.5
4.7368,8.8584,1.0
4.7368,17.7168,2.0
4.7368,26.5752,3.0
4.7368,35.4336,4.0
4.7368,44.292,5.0
4.807,4.4619,0.5
4.807,8.9238,1.0
4.807,17.8475,2.0
4.807,26.7713,3.0
4.807,35.6951,4.0
4.807,44.6189,5.0
4.8772,4.4943,0.5
4.8772,8.9887,1.0
4.8772,17.9774,2.0
4.8772,26.966,3.0
4.8772,35.9547,4.0
4.8772,44.9434,5.0
4.9474,4.5266,0.5
4.9474,9.0531,1.0
4.9474,18.1062,2.0
4.9474,27.1593,3.0
4.9474,36.2124,4.0
4.9474,45.2656,5.0
5.0175,4.5585,0.5
5.0175,9.1171,1.0
5.0175,18.2342,2.0
5.0175,27.3513,3.0
5.0175,36.4684,4.0
5.0175,45.5855,5.0
5.0877,4.5903,0.5
5.0877,9.1806,1.0
5.0877,18.3613,2.0
5.0877,27.5419,3.0
5.0877,36.7225,4.0
5.0877,45.9031,5.0
5.1579,4.6219,0.5
5.1579,9.2437,1.0
5.1579,18.4874,2.0
5.1579,27.7312,3.0
5.1579,36.9749,4.0
5.1579,46.2186,5.0
5.2281,4.6532,0.5
5.2281,9.3064,1.0
5.2281,18.6128,2.0
5.2281,27.9192,3.0
5.2281,37.2256,4.0
5.2281,46.532,5.0
5.2982,4.6843,0.5
5.2982,9.3686,1.0
5.2982,18.7373,2.0
5.2982,28.1059,3.0
5.2982,37.4746,4.0
5.2982,46.8432,5.0
5.3684,4.7152,0.5
5.3684,9.4305,1.0
5.3684,18.861,2.0
5.3684,28.2915,3.0
5.3684,37.7219,4.0
5.3684,47.1524,5.0
5.4386,4.746,0.5
5.4386,9.4919,1.0
5.4386,18.9838,2.0
5.4386,28.4758,3.0
5.4386,37.9677,4.0
5.4386,47.4596,5.0
5.5088,4.7765,0.5
5.5088,9.553,1.0
5.5088,19.1059,2.0
5.5088,28.6589,3.0
5.5088,38.2119,4.0
5.5088,47.7648,5.0
5.5789,4.8068,0.5
5.5789,9.6136,1.0
5.5789,19.2272,2.0
5.5789,28.8409,3.0
5.5789,38.4545,4.0
5.5789,48.0681,5.0
5.6491,4.8369,0.5
5.6491,9.6739,1.0
5.6491,19.3478,2.0
5.6491,29.0217,3.0
5.6491,38.6956,4.0
5.6491,48.3695,5.0
5.7193,4.8669,0.5
5.7193,9.7338,1.0
5.7193,19.4676,2.0
5.7193,29.2014,3.0
5.7193,38.9352,4.0
5.7193,48.669,5.0
5.7895,4.8967,0.5
5.7895,9.7933,1.0
5.7895,19.5867,2.0
5.7895,29.38,3.0
5.7895,39.1733,4.0
5.7895,48.9666,5.0
5.8596,4.9263,0.5
5.8596,9.8525,1.0
5.8596,19.705,2.0
5.8596,29.5575,3.0
5.8596,39.41,4.0
5.8596,49.2625,5.0
5.9298,4.9557,0.5
5.9298,9.9113,1.0
5.9298,19.8226,2.0
5.9298,29.734,3.0
5.9298,39.6453,4.0
5.9298,49.5566,5.0
6.0,4.9849,0.5
6.0,9.9698,1.0
6.0,19.9396,2.0
6.0,29.9094,3.0
6.0,39.8792,4.0
6.0,49.849,5.0
6.0702,5.014,0.5
6.0702,10.0279,1.0
6.0702,20.0559,2.0
6.0702,30.0838,3.0
6.0702,40.1117,4.0
6.0702,50.1397,5.0
6.1404,5.0429,0.5
6.1404,10.0857,1.0
6.1404,20.1715,2.0
6.1404,30.2572,3.0
6.1404,40.3429,4.0
6.1404,50.4286,5.0
6.2105,5.0716,0.5
6.2105,10.1432,1.0
6.2105,20.2864,2.0
6.2105,30.4296,3.0
6.2105,40.5728,4.0
6.2105,50.716,5.0
6.2807,5.1002,0.5
6.2807,10.2003,1.0
6.2807,20.4007,2.0
6.2807,30.601,3.0
6.2807,40.8014,4.0
6.2807,51.0017,5.0
6.3509,5.1286,0.5
6.3509,10.2572,1.0
6.3509,20.5143,2.0
6.3509,30.7715,3.0
6.3509,41.0287,4.0
6.3509,51.2859,5.0
6.4211,5.1568,0.5
6.4211,10.3137,1.0
6.4211,20.6274,2.0
6.4211,30.9411,3.0
6.4211,41.2547,4.0
6.4211,51.5684,5.0
6.4912,5.1849,0.5
6.4912,10.3699,1.0
6.4912,20.7398,2.0
6.4912,31.1097,3.0
6.4912,41.4796,4.0
6.4912,51.8495,5.0
6.5614,5.2129,0.5
6.5614,10.4258,1.0
6.5614,20.8516,2.0
6.5614,31.2774,3.0
6.5614,41.7032,4.0
6.5614,52.129,5.0
6.6316,5.2407,0.5
6.6316,10.4814,1.0
6.6316,20.9628,2.0
6.6316,31.4442,3.0
6.6316,41.9256,4.0
6.6316,52.407,5.0
6.7018,5.2684,0.5
6.7018,10.5367,1.0
6.7018,21.0734,2.0
6.7018,31.6101,3.0
6.7018,42.1468,4.0
6.7018,52.6835,5.0
6.7719,5.2959,0.5
6.7719,10.5917,1.0
6.7719,21.1835,2.0
6.7719,31.7752,3.0
6.7719,42.3669,4.0
6.7719,52.9587,5.0
6.8421,5.3232,0.5
6.8421,10.6465,1.0
6.8421,21.2929,2.0
6.8421,31.9394,3.0
6.8421,42.5859,4.0
6.8421,53.2323,5.0
6.9123,5.3505,0.5
6.9123,10.7009,1.0
6.9123,21.4019,2.0
6.9123,32.1028,3.0
6.9123,42.8037,4.0
6.9123,53.5046,5.0
6.9825,5.3776,0.5
6.9825,10.7551,1.0
6.9825,21.5102,2.0
6.9825,32.2653,3.0
6.9825,43.0204,4.0
6.9825,53.7755,5.0
7.0526,5.4045,0.5
7.0526,10.809,1.0
7.0526,21.618,2.0
7.0526,32.4271,3.0
7.0526,43.2361,4.0
7.0526,54.0451,5.0
7.1228,5.4313,0.5
7.1228,10.8627,1.0
7.1228,21.7253,2.0
7.1228,32.588,3.0
7.1228,43.4507,4.0
7.1228,54.3133,5.0
7.193,5.458,0.5
7.193,10.916,1.0
7.193,21.8321,2.0
7.193,32.7481,3.0
7.193,43.6642,4.0
7.193,54.5802,5.0
7.2632,5.4846,0.5
7.2632,10.9692,1.0
7.2632,21.9383,2.0
7.2632,32.9075,3.0
7.2632,43.8767,4.0
7.2632,54.8458,5.0
7.3333,5.511,0.5
7.3333,11.022,1.0
7.3333,22.0441,2.0
7.3333,33.0661,3.0
7.3333,44.0881,4.0
7.3333,55.1101,5.0
7.4035,5.5373,0.5
7.4035,11.0746,1.0
7.4035,22.1493,2.0
7.4035,33.2239,3.0
7.4035,44.2986,4.0
7.4035,55.3732,5.0
7.4737,5.5635,0.5
7.4737,11.127,1.0
7.4737,22.254,2.0
7.4737,33.381,3.0
7.4737,44.508,4.0
7.4737,55.635,5.0
7.5439,5.5896,0.5
7.5439,11.1791,1.0
7.5439,22.3582,2.0
7.5439,33.5374,3.0
7.5439,44.7165,4.0
7.5439,55.8956,5.0
7.614,5.6155,0.5
7.614,11.231,1.0
7.614,22.462,2.0
7.614,33.693,3.0
7.614,44.924,4.0
7.614,56.155,5.0
7.6842,5.6413,0.5
7.6842,11.2826,1.0
7.6842,22.5653,2.0
7.6842,33.8479,3.0
7.6842,45.1305,4.0
7.6842,56.4132,5.0
7.7544,5.667,0.5
7.7544,11.334,1.0
7.7544,22.6681,2.0
7.7544,34.0021,3.0
7.7544,45.3361,4.0
7.7544,56.6702,5.0
7.8246,5.6926,0.5
7.8246,11.3852,1.0
7.8246,22.7704,2.0
7.8246,34.1556,3.0
7.8246,45.5408,4.0
7.8246,56.926,5.0
7.8947,5.7181,0.5
7.8947,11.4361,1.0
7.8947,22.8723,2.0
7.8947,34.3084,3.0
7.8947,45.7446,4.0
7.8947,57.1807,5.0
7.9649,5.7434,0.5
7.9649,11.4869,1.0
7.9649,22.9737,2.0
7.9649,34.4606,3.0
7.9649,45.9474,4.0
7.9649,57.4343,5.0
8.0351,5.7687,0.5
8.0351,11.5373,1.0
8.0351,23.0747,2.0
8.0351,34.612,3.0
8.0351,46.1494,4.0
8.0351,57.6867,5.0
8.1053,5.7938,0.5
8.1053,11.5876,1.0
8.1053,23.1752,2.0
8.1053,34.7629,3.0
8.1053,46.3505,4.0
8.1053,57.9381,5.0
8.1754,5.8188,0.5
8.1754,11.6377,1.0
8.1754,23.2754,2.0
8.1754,34.913,3.0
8.1754,46.5507,4.0
8.1754,58.1884,5.0
8.2456,5.8438,0.5
8.2456,11.6875,1.0
8.2456,23.375,2.0
8.2456,35.0626,3.0
8.2456,46.7501,4.0
8.2456,58.4376,5.0
8.3158,5.8686,0.5
8.3158,11.7371,1.0
8.3158,23.4743,2.0
8.3158,35.2114,3.0
8.3158,46.9486,4.0
8.3158,58.6857,5.0
8.386,5.8933,0.5
8.386,11.7866,1.0
8.386,23.5731,2.0
8.386,35.3597,3.0
8.386,47.1463,4.0
8.386,58.9328,5.0
8.4561,5.9179,0.5
8.4561,11.8358,1.0
8.4561,23.6716,2.0
8.4561,35.5073,3.0
8.4561,47.3431,4.0
8.4561,59.1789,5.0
8.5263,5.9424,0.5
8.5263,11.8848,1.0
8.5263,23.7696,2.0
8.5263,35.6544,3.0
8.5263,47.5392,4.0
8.5263,59.4239,5.0
8.5965,5.9668,0.5
8.5965,11.9336,1.0
8.5965,23.8672,2.0
8.5965,35.8008,3.0
8.5965,47.7344,4.0
8.5965,59.668,5.0
8.6667,5.9911,0.5
8.6667,11.9822,1.0
8.6667,23.9644,2.0
8.6667,35.9466,3.0
8.6667,47.9288,4.0
8.6667,59.911,5.0
8.7368,6.0153,0.5
8.7368,12.0306,1.0
8.7368,24.0612,2.0
8.7368,36.0919,3.0
8.7368,48.1225,4.0
8.7368,60.1531,5.0
8.807,6.0394,0.5
8.807,12.0788,1.0
8.807,24.1577,2.0
8.807,36.2365,3.0
8.807,48.3154,4.0
8.807,60.3942,5.0
8.8772,6.0634,0.5
8.8772,12.1269,1.0
8.8772,24.2537,2.0
8.8772,36.3806,3.0
8.8772,48.5075,4.0
8.8772,60.6343,5.0
8.9474,6.0874,0.5
8.9474,12.1747,1.0
8.9474,24.3494,2.0
8.9474,36.5241,3.0
8.9474,48.6988,4.0
8.9474,60.8735,5.0
9.0175,6.1112,0.5
9.0175,12.2224,1.0
9.0175,24.4447,2.0
9.0175,36.6671,3.0
9.0175,48.8894,4.0
9.0175,61.1118,5.0
9.0877,6.1349,0.5
9.0877,12.2698,1.0
9.0877,24.5396,2.0
9.0877,36.8095,3.0
9.0877,49.0793,4.0
9.0877,61.3491,5.0
9.1579,6.1586,0.5
9.1579,12.3171,1.0
9.1579,24.6342,2.0
9.1579,36.9513,3.0
9.1579,49.2684,4.0
9.1579,61.5855,5.0
9.2281,6.1821,0.5
9.2281,12.3642,1.0
9.2281,24.7284,2.0
9.2281,37.0926,3.0
9.2281,49.4568,4.0
9.2281,61.821,5.0
9.2982,6.2056,0.5
9.2982,12.4111,1.0
9.2982,24.8223,2.0
9.2982,37.2334,3.0
9.2982,49.6445,4.0
9.2982,62.0556,5.0
9.3684,6.2289,0.5
9.3684,12.4579,1.0
9.3684,24.9157,2.0
9.3684,37.3736,3.0
9.3684,49.8315,4.0
9.3684,62.2894,5.0
9.4386,6.2522,0.5
9.4386,12.5044,1.0
9.4386,25.0089,2.0
9.4386,37.5133,3.0
9.4386,50.0178,4.0
9.4386,62.5222,5.0
9.5088,6.2754,0.5
9.5088,12.5508,1.0
9.5088,25.1017,2.0
9.5088,37.6525,3.0
9.5088,50.2034,4.0
9.5088,62.7542,5.0
9.5789,6.2985,0.5
9.5789,12.5971,1.0
9.5789,25.1941,2.0
9.5789,37.7912,3.0
9.5789,50.3883,4.0
9.5789,62.9854,5.0
9.6491,6.3216,0.5
9.6491,12.6431,1.0
9.6491,25.2863,2.0
9.6491,37.9294,3.0
9.6491,50.5725,4.0
9.6491,63.2157,5.0
9.7193,6.3445,0.5
9.7193,12.689,1.0
9.7193,25.378,2.0
9.7193,38.0671,3.0
9.7193,50.7561,4.0
9.7193,63.4451,5.0
9.7895,6.3674,0.5
9.7895,12.7347,1.0
9.7895,25.4695,2.0
9.7895,38.2042,3.0
9.7895,50.939,4.0
9.7895,63.6737,5.0
9.8596,6.3902,0.5
9.8596,12.7803,1.0
9.8596,25.5606,2.0
9.8596,38.3409,3.0
9.8596,51.1212,4.0
9.8596,63.9016,5.0
9.9298,6.4129,0.5
9.9298,12.8257,1.0
9.9298,25.6514,2.0
9.9298,38.4771,3.0
9.9298,51.3029,4.0
9.9298,64.1286,5.0
10.0,6.4355,0.5
10.0,12.871,1.0
10.0,25.7419,2.0
10.0,38.6129,3.0
10.0,51.4838,4.0
10.0,64.3548,5.0
10.0702,6.458,0.5
10.0702,12.916,1.0
10.0702,25.8321,2.0
10.0702,38.7481,3.0
10.0702,51.6641,4.0
10.0702,64.5802,5.0
10.1404,6.4805,0.5
10.1404,12.961,1.0
10.1404,25.9219,2.0
10.1404,38.8829,3.0
10.1404,51.8438,4.0
10.1404,64.8048,5.0
10.2105,6.5029,0.5
10.2105,13.0057,1.0
10.2105,26.0115,2.0
10.2105,39.0172,3.0
10.2105,52.0229,4.0
10.2105,65.0287,5.0
10.2807,6.5252,0.5
10.2807,13.0503,1.0
10.2807,26.1007,2.0
10.2807,39.151,3.0
10.2807,52.2014,4.0
10.2807,65.2517,5.0
10.3509,6.5474,0.5
10.3509,13.0948,1.0
10.3509,26.1896,2.0
10.3509,39.2844,3.0
10.3509,52.3793,4.0
10.3509,65.4741,5.0
10.4211,6.5696,0.5
10.4211,13.1391,1.0
10.4211,26.2783,2.0
10.4211,39.4174,3.0
10.4211,52.5565,4.0
10.4211,65.6956,5.0
10.4912,6.5916,0.5
10.4912,13.1833,1.0
10.4912,26.3666,2.0
10.4912,39.5499,3.0
10.4912,52.7332,4.0
10.4912,65.9165,5.0
10.5614,6.6137,0.5
10.5614,13.2273,1.0
10.5614,26.4546,2.0
10.5614,39.6819,3.0
10.5614,52.9092,4.0
10.5614,66.1366,5.0
10.6316,6.6356,0.5
10.6316,13.2712,1.0
10.6316,26.5424,2.0
10.6316,39.8135,3.0
10.6316,53.0847,4.0
10.6316,66.3559,5.0
10.7018,6.6575,0.5
10.7018,13.3149,1.0
10.7018,26.6298,2.0
10.7018,39.9447,3.0
10.7018,53.2596,4.0
10.7018,66.5745,5.0
10.7719,6.6792,0.5
10.7719,13.3585,1.0
10.7719,26.717,2.0
10.7719,40.0755,3.0
10.7719,53.434,4.0
10.7719,66.7925,5.0
10.8421,6.701,0.5
10.8421,13.4019,1.0
10.8421,26.8039,2.0
10.8421,40.2058,3.0
10.8421,53.6077,4.0
10.8421,67.0097,5.0
10.9123,6.7226,0.5
10.9123,13.4452,1.0
10.9123,26.8905,2.0
10.9123,40.3357,3.0
10.9123,53.781,4.0
10.9123,67.2262,5.0
10.9825,6.7442,0.5
10.9825,13.4884,1.0
10.9825,26.9768,2.0
10.9825,40.4652,3.0
10.9825,53.9536,4.0
10.9825,67.442,5.0
11.0526,6.7657,0.5
11.0526,13.5314,1.0
11.0526,27.0629,2.0
11.0526,40.5943,3.0
11.0526,54.1257,4.0
11.0526,67.6571,5.0
11.1228,6.7872,0.5
11.1228,13.5743,1.0
11.1228,27.1486,2.0
11.1228,40.7229,3.0
11.1228,54.2973,4.0
11.1228,67.8716,5.0
11.193,6.8085,0.5
11.193,13.6171,1.0
11.193,27.2341,2.0
11.193,40.8512,3.0
11.193,54.4683,4.0
11.193,68.0853,5.0
11.2632,6.8298,0.5
11.2632,13.6597,1.0
11.2632,27.3194,2.0
11.2632,40.9791,3.0
11.2632,54.6388,4.0
11.2632,68.2984,5.0
11.3333,6.8511,0.5
11.3333,13.7022,1.0
11.3333,27.4044,2.0
11.3333,41.1065,3.0
11.3333,54.8087,4.0
11.3333,68.5109,5.0
11.4035,6.8723,0.5
11.4035,13.7445,1.0
11.4035,27.4891,2.0
11.4035,41.2336,3.0
11.4035,54.9781,4.0
11.4035,68.7227,5.0
11.4737,6.8934,0.5
11.4737,13.7868,1.0
11.4737,27.5735,2.0
11.4737,41.3603,3.0
11.4737,55.147,4.0
11.4737,68.9338,5.0
11.5439,6.9144,0.5
11.5439,13.8289,1.0
11.5439,27.6577,2.0
11.5439,41.4866,3.0
11.5439,55.3154,4.0
11.5439,69.1443,5.0
11.614,6.9354,0.5
11.614,13.8708,1.0
11.614,27.7417,2.0
11.614,41.6125,3.0
11.614,55.4833,4.0
11.614,69.3541,5.0
11.6842,6.9563,0.5
11.6842,13.9127,1.0
11.6842,27.8253,2.0
11.6842,41.738,3.0
11.6842,55.6507,4.0
11.6842,69.5633,5.0
11.7544,6.9772,0.5
11.7544,13.9544,1.0
11.7544,27.9088,2.0
11.7544,41.8632,3.0
11.7544,55.8175,4.0
11.7544,69.7719,5.0
11.8246,6.998,0.5
11.8246,13.996,1.0
11.8246,27.992,2.0
11.8246,41.9879,3.0
11.8246,55.9839,4.0
11.8246,69.9799,5.0
11.8947,7.0187,0.5
11.8947,14.0374,1.0
11.8947,28.0749,2.0
11.8947,42.1123,3.0
11.8947,56.1498,4.0
11.8947,70.1872,5.0
11.9649,7.0394,0.5
11.9649,14.0788,1.0
11.9649,28.1576,2.0
11.9649,42.2364,3.0
11.9649,56.3152,4.0
11.9649,70.394,5.0
12.0351,7.06,0.5
12.0351,14.12,1.0
12.0351,28.24,2.0
12.0351,42.3601,3.0
12.0351,56.4801,4.0
12.0351,70.6001,5.0
12.1053,7.0806,0.5
12.1053,14.1611,1.0
12.1053,28.3223,2.0
12.1053,42.4834,3.0
12.1053,56.6445,4.0
12.1053,70.8056,5.0
12.1754,7.1011,0.5
12.1754,14.2021,1.0
12.1754,28.4042,2.0
12.1754,42.6063,3.0
12.1754,56.8085,4.0
12.1754,71.0106,5.0
12.2456,7.1215,0.5
12.2456,14.243,1.0
12.2456,28.486,2.0
12.2456,42.729,3.0
12.2456,56.9719,4.0
12.2456,71.2149,5.0
12.3158,7.1419,0.5
12.3158,14.2837,1.0
12.3158,28.5675,2.0
12.3158,42.8512,3.0
12.3158,57.135,4.0
12.3158,71.4187,5.0
12.386,7.1622,0.5
12.386,14.3244,1.0
12.386,28.6487,2.0
12.386,42.9731,3.0
12.386,57.2975,4.0
12.386,71.6219,5.0
12.4561,7.1824,0.5
12.4561,14.3649,1.0
12.4561,28.7298,2.0
12.4561,43.0947,3.0
12.4561,57.4596,4.0
12.4561,71.8245,5.0
12.5263,7.2027,0.5
12.5263,14.4053,1.0
12.5263,28.8106,2.0
12.5263,43.2159,3.0
12.5263,57.6212,4.0
12.5263,72.0265,5.0
12.5965,7.2228,0.5
12.5965,14.4456,1.0
12.5965,28.8912,2.0
12.5965,43.3368,3.0
12.5965,57.7824,4.0
12.5965,72.228,5.0
12.6667,7.2429,0.5
12.6667,14.4858,1.0
12.6667,28.9716,2.0
12.6667,43.4573,3.0
12.6667,57.9431,4.0
12.6667,72.4289,5.0
12.7368,7.2629,0.5
12.7368,14.5259,1.0
12.7368,29.0517,2.0
12.7368,43.5776,3.0
12.7368,58.1034,4.0
12.7368,72.6293,5.0
12.807,7.2829,0.5
12.807,14.5658,1.0
12.807,29.1316,2.0
12.807,43.6974,3.0
12.807,58.2633,4.0
12.807,72.8291,5.0
12.8772,7.3028,0.5
12.8772,14.6057,1.0
12.8772,29.2113,2.0
12.8772,43.817,3.0
12.8772,58.4227,4.0
12.8772,73.0283,5.0
12.9474,7.3227,0.5
12.9474,14.6454,1.0
12.9474,29.2908,2.0
12.9474,43.9362,3.0
12.9474,58.5816,4.0
12.9474,73.227,5.0
13.0175,7.3425,0.5
13.0175,14.685,1.0
13.0175,29.3701,2.0
13.0175,44.0551,3.0
13.0175,58.7402,4.0
13.0175,73.4252,5.0
13.0877,7.3623,0.5
13.0877,14.7246,1.0
13.0877,29.4491,2.0
13.0877,44.1737,3.0
13.0877,58.8983,4.0
13.0877,73.6229,5.0
13.1579,7.382,0.5
13.1579,14.764,1.0
13.1579,29.528,2.0
13.1579,44.292,3.0
13.1579,59.056,4.0
13.1579,73.82,5.0
13.2281,7.4017,0.5
13.2281,14.8033,1.0
13.2281,29.6066,2.0
13.2281,44.4099,3.0
13.2281,59.2133,4.0
13.2281,74.0166,5.0
13.2982,7.4213,0.5
13.2982,14.8425,1.0
13.2982,29.6851,2.0
13.2982,44.5276,3.0
13.2982,59.3701,4.0
13.2982,74.2126,5.0
13.3684,7.4408,0.5
13.3684,14.8816,1.0
13.3684,29.7633,2.0
13.3684,44.6449,3.0
13.3684,59.5266,4.0
13.3684,74.4082,5.0
13.4386,7.4603,0.5
13.4386,14.9206,1.0
13.4386,29.8413,2.0
13.4386,44.7619,3.0
13.4386,59.6826,4.0
13.4386,74.6032,5.0
13.5088,7.4798,0.5
13.5088,14.9596,1.0
13.5088,29.9191,2.0
13.5088,44.8787,3.0
13.5088,59.8382,4.0
13.5088,74.7978,5.0
13.5789,7.4992,0.5
13.5789,14.9984,1.0
13.5789,29.9967,2.0
13.5789,44.9951,3.0
13.5789,59.9934,4.0
13.5789,74.9918,5.0
13.6491,7.5185,0.5
13.6491,15.0371,1.0
13.6491,30.0741,2.0
13.6491,45.1112,3.0
13.6491,60.1483,4.0
13.6491,75.1853,5.0
13.7193,7.5378,0.5
13.7193,15.0757,1.0
13.7193,30.1513,2.0
13.7193,45.227,3.0
13.7193,60.3027,4.0
13.7193,75.3784,5.0
13.7895,7.5571,0.5
13.7895,15.1142,1.0
13.7895,30.2284,2.0
13.7895,45.3425,3.0
13.7895,60.4567,4.0
13.7895,75.5709,5.0
13.8596,7.5763,0.5
13.8596,15.1526,1.0
13.8596,30.3052,2.0
13.8596,45.4578,3.0
13.8596,60.6104,4.0
13.8596,75.7629,5.0
13.9298,7.5955,0.5
13.9298,15.1909,1.0
13.9298,30.3818,2.0
13.9298,45.5727,3.0
13.9298,60.7636,4.0
13.9298,75.9545,5.0
14.0,7.6146,0.5
14.0,15.2291,1.0
14.0,30.4582,2.0
14.0,45.6874,3.0
14.0,60.9165,4.0
14.0,76.1456,5.0
14.0702,7.6336,0.5
14.0702,15.2672,1.0
14.0702,30.5345,2.0
14.0702,45.8017,3.0
14.0702,61.069,4.0
14.0702,76.3362,5.0
14.1404,7.6526,0.5
14.1404,15.3053,1.0
14.1404,30.6105,2.0
14.1404,45.9158,3.0
14.1404,61.2211,4.0
14.1404,76.5263,5.0
14.2105,7.6716,0.5
14.2105,15.3432,1.0
14.2105,30.6864,2.0
14.2105,46.0296,3.0
14.2105,61.3728,4.0
14.2105,76.716,5.0
14.2807,7.6905,0.5
14.2807,15.381,1.0
14.2807,30.7621,2.0
14.2807,46.1431,3.0
14.2807,61.5241,4.0
14.2807,76.9052,5.0
14.3509,7.7094,0.5
14.3509,15.4188,1.0
14.3509,30.8376,2.0
14.3509,46.2563,3.0
14.3509,61.6751,4.0
14.3509,77.0939,5.0
14.4211,7.7282,0.5
14.4211,15.4564,1.0
14.4211,30.9129,2.0
14.4211,46.3693,3.0
14.4211,61.8257,4.0
14.4211,77.2822,5.0
14.4912,7.747,0.5
14.4912,15.494,1.0
14.4912,30.988,2.0
14.4912,46.482,3.0
14.4912,61.976,4.0
14.4912,77.47,5.0
14.5614,7.7657,0.5
14.5614,15.5315,1.0
14.5614,31.0629,2.0
14.5614,46.5944,3.0
14.5614,62.1259,4.0
14.5614,77.6573,5.0
14.6316,7.7844,0.5
14.6316,15.5688,1.0
14.6316,31.1377,2.0
14.6316,46.7065,3.0
14.6316,62.2754,4.0
14.6316,77.8442,5.0
14.7018,7.8031,0.5
14.7018,15.6061,1.0
14.7018,31.2123,2.0
14.7018,46.8184,3.0
14.7018,62.4245,4.0
14.7018,78.0307,5.0
14.7719,7.8217,0.5
14.7719,15.6433,1.0
14.7719,31.2867,2.0
14.7719,46.93,3.0
14.7719,62.5733,4.0
14.7719,78.2167,5.0
14.8421,7.8402,0.5
14.8421,15.6804,1.0
14.8421,31.3609,2.0
14.8421,47.0413,3.0
14.8421,62.7218,4.0
14.8421,78.4022,5.0
14.9123,7.8587,0.5
14.9123,15.7175,1.0
14.9123,31.4349,2.0
14.9123,47.1524,3.0
14.9123,62.8699,4.0
14.9123,78.5874,5.0
14.9825,7.8772,0.5
14.9825,15.7544,1.0
14.9825,31.5088,2.0
14.9825,47.2632,3.0
14.9825,63.0177,4.0
14.9825,78.7721,5.0
15.0526,7.8956,0.5
15.0526,15.7913,1.0
15.0526,31.5825,2.0
15.0526,47.3738,3.0
15.0526,63.1651,4.0
15.0526,78.9563,5.0
15.1228,7.914,0.5
15.1228,15.828,1.0
15.1228,31.6561,2.0
15.1228,47.4841,3.0
15.1228,63.3121,4.0
15.1228,79.1402,5.0
15.193,7.9324,0.5
15.193,15.8647,1.0
15.193,31.7294,2.0
15.193,47.5941,3.0
15.193,63.4589,4.0
15.193,79.3236,5.0
15.2632,7.9507,0.5
15.2632,15.9013,1.0
15.2632,31.8026,2.0
15.2632,47.7039,3.0
15.2632,63.6052,4.0
15.2632,79.5066,5.0
15.3333,7.9689,0.5
15.3333,15.9378,1.0
15.3333,31.8756,2.0
15.3333,47.8135,3.0
15.3333,63.7513,4.0
15.3333,79.6891,5.0
15.4035,7.9871,0.5
15.4035,15.9743,1.0
15.4035,31.9485,2.0
15.4035,47.9228,3.0
15.4035,63.897,4.0
15.4035,79.8713,5.0
15.4737,8.0053,0.5
15.4737,16.0106,1.0
15.4737,32.0212,2.0
15.4737,48.0318,3.0
15.4737,64.0424,4.0
15.4737,80.053,5.0
15.5439,8.0234,0.5
15.5439,16.0469,1.0
15.5439,32.0937,2.0
15.5439,48.1406,3.0
15.5439,64.1875,4.0
15.5439,80.2343,5.0
15.614,8.0415,0.5
15.614,16.083,1.0
15.614,32.1661,2.0
15.614,48.2491,3.0
15.614,64.3322,4.0
15.614,80.4152,5.0
15.6842,8.0596,0.5
15.6842,16.1191,1.0
15.6842,32.2383,2.0
15.6842,48.3574,3.0
15.6842,64.4766,4.0
15.6842,80.5957,5.0
15.7544,8.0776,0.5
15.7544,16.1552,1.0
15.7544,32.3103,2.0
15.7544,48.4655,3.0
15.7544,64.6207,4.0
15.7544,80.7758,5.0
15.8246,8.0956,0.5
15.8246,16.1911,1.0
15.8246,32.3822,2.0
15.8246,48.5733,3.0
15.8246,64.7644,4.0
15.8246,80.9555,5.0
15.8947,8.1135,0.5
15.8947,16.227,1.0
15.8947,32.4539,2.0
15.8947,48.6809,3.0
15.8947,64.9079,4.0
15.8947,81.1348,5.0
15.9649,8.1314,0.5
15.9649,16.2628,1.0
15.9649,32.5255,2.0
15.9649,48.7883,3.0
15.9649,65.051,4.0
15.9649,81.3138,5.0
16.0351,8.1492,0.5
16.0351,16.2985,1.0
16.0351,32.5969,2.0
16.0351,48.8954,3.0
16.0351,65.1938,4.0
16.0351,81.4923,5.0
16.1053,8.167,0.5
16.1053,16.3341,1.0
16.1053,32.6682,2.0
16.1053,49.0022,3.0
16.1053,65.3363,4.0
16.1053,81.6704,5.0
16.1754,8.1848,0.5
16.1754,16.3696,1.0
16.1754,32.7393,2.0
16.1754,49.1089,3.0
16.1754,65.4785,4.0
16.1754,81.8481,5.0
16.2456,8.2025,0.5
16.2456,16.4051,1.0
16.2456,32.8102,2.0
16.2456,49.2153,3.0
16.2456,65.6204,4.0
16.2456,82.0255,5.0
16.3158,8.2202,0.5
16.3158,16.4405,1.0
16.3158,32.881,2.0
16.3158,49.3215,3.0
16.3158,65.762,4.0
16.3158,82.2025,5.0
16.386,8.2379,0.5
16.386,16.4758,1.0
16.386,32.9516,2.0
16.386,49.4274,3.0
16.386,65.9032,4.0
16.386,82.379,5.0
16.4561,8.2555,0.5
16.4561,16.5111,1.0
16.4561,33.0221,2.0
16.4561,49.5332,3.0
16.4561,66.0442,4.0
16.4561,82.5553,5.0
16.5263,8.2731,0.5
16.5263,16.5462,1.0
16.5263,33.0924,2.0
16.5263,49.6387,3.0
16.5263,66.1849,4.0
16.5263,82.7311,5.0
16.5965,8.2907,0.5
16.5965,16.5813,1.0
16.5965,33.1626,2.0
16.5965,49.7439,3.0
16.5965,66.3252,4.0
16.5965,82.9066,5.0
16.6667,8.3082,0.5
16.6667,16.6163,1.0
16.6667,33.2327,2.0
16.6667,49.849,3.0
16.6667,66.4653,4.0
16.6667,83.0817,5.0
16.7368,8.3256,0.5
16.7368,16.6513,1.0
16.7368,33.3026,2.0
16.7368,49.9538,3.0
16.7368,66.6051,4.0
16.7368,83.2564,5.0
16.807,8.3431,0.5
16.807,16.6861,1.0
16.807,33.3723,2.0
16.807,50.0584,3.0
16.807,66.7446,4.0
16.807,83.4307,5.0
16.8772,8.3605,0.5
16.8772,16.7209,1.0
16.8772,33.4419,2.0
16.8772,50.1628,3.0
16.8772,66.8838,4.0
16.8772,83.6047,5.0
16.9474,8.3778,0.5
16.9474,16.7557,1.0
16.9474,33.5113,2.0
16.9474,50.267,3.0
16.9474,67.0227,4.0
16.9474,83.7784,5.0
17.0175,8.3952,0.5
17.0175,16.7903,1.0
17.0175,33.5807,2.0
17.0175,50.371,3.0
17.0175,67.1613,4.0
17.0175,83.9516,5.0
17.0877,8.4125,0.5
17.0877,16.8249,1.0
17.0877,33.6498,2.0
17.0877,50.4747,3.0
17.0877,67.2996,4.0
17.0877,84.1246,5.0
17.1579,8.4297,0.5
17.1579,16.8594,1.0
17.1579,33.7188,2.0
17.1579,50.5783,3.0
17.1579,67.4377,4.0
17.1579,84.2971,5.0
17.2281,8.4469,0.5
17.2281,16.8939,1.0
17.2281,33.7877,2.0
17.2281,50.6816,3.0
17.2281,67.5755,4.0
17.2281,84.4693,5.0
17.2982,8.4641,0.5
17.2982,16.9282,1.0
17.2982,33.8565,2.0
17.2982,50.7847,3.0
17.2982,67.713,4.0
17.2982,84.6412,5.0
17.3684,8.4813,0.5
17.3684,16.9625,1.0
17.3684,33.9251,2.0
17.3684,50.8876,3.0
17.3684,67.8502,4.0
17.3684,84.8127,5.0
17.4386,8.4984,0.5
17.4386,16.9968,1.0
17.4386,33.9935,2.0
17.4386,50.9903,3.0
17.4386,67.9871,4.0
17.4386,84.9839,5.0
17.5088,8.5155,0.5
17.5088,17.0309,1.0
17.5088,34.0619,2.0
17.5088,51.0928,3.0
17.5088,68.1238,4.0
17.5088,85.1547,5.0
17.5789,8.5325,0.5
17.5789,17.065,1.0
17.5789,34.1301,2.0
17.5789,51.1951,3.0
17.5789,68.2601,4.0
17.5789,85.3252,5.0
17.6491,8.5495,0.5
17.6491,17.0991,1.0
17.6491,34.1981,2.0
17.6491,51.2972,3.0
17.6491,68.3963,4.0
17.6491,85.4953,5.0
17.7193,8.5665,0.5
17.7193,17.133,1.0
17.7193,34.266,2.0
17.7193,51.3991,3.0
17.7193,68.5321,4.0
17.7193,85.6651,5.0
17.7895,8.5835,0.5
17.7895,17.1669,1.0
17.7895,34.3338,2.0
17.7895,51.5007,3.0
17.7895,68.6677,4.0
17.7895,85.8346,5.0
17.8596,8.6004,0.5
17.8596,17.2007,1.0
17.8596,34.4015,2.0
17.8596,51.6022,3.0
17.8596,68.803,4.0
17.8596,86.0037,5.0
17.9298,8.6173,0.5
17.9298,17.2345,1.0
17.9298,34.469,2.0
17.9298,51.7035,3.0
17.9298,68.938,4.0
17.9298,86.1725,5.0
18.0,8.6341,0.5
18.0,17.2682,1.0
18.0,34.5364,2.0
18.0,51.8046,3.0
18.0,69.0728,4.0
18.0,86.341,5.0
18.0702,8.6509,0.5
18.0702,17.3018,1.0
18.0702,34.6037,2.0
18.0702,51.9055,3.0
18.0702,69.2073,4.0
18.0702,86.5091,5.0
18.1404,8.6677,0.5
18.1404,17.3354,1.0
18.1404,34.6708,2.0
18.1404,52.0062,3.0
18.1404,69.3416,4.0
18.1404,86.6769,5.0
18.2105,8.6844,0.5
18.2105,17.3689,1.0
18.2105,34.7378,2.0
18.2105,52.1067,3.0
18.2105,69.4755,4.0
18.2105,86.8444,5.0
18.2807,8.7012,0.5
18.2807,17.4023,1.0
18.2807,34.8046,2.0
18.2807,52.207,3.0
18.2807,69.6093,4.0
18.2807,87.0116,5.0
18.3509,8.7178,0.5
18.3509,17.4357,1.0
18.3509,34.8714,2.0
18.3509,52.3071,3.0
18.3509,69.7428,4.0
18.3509,87.1785,5.0
18.4211,8.7345,0.5
18.4211,17.469,1.0
18.4211,34.938,2.0
18.4211,52.407,3.0
18.4211,69.876,4.0
18.4211,87.345,5.0
18.4912,8.7511,0.5
18.4912,17.5022,1.0
18.4912,35.0045,2.0
18.4912,52.5067,3.0
18.4912,70.009,4.0
18.4912,87.5112,5.0
18.5614,8.7677,0.5
18.5614,17.5354,1.0
18.5614,35.0708,2.0
18.5614,52.6063,3.0
18.5614,70.1417,4.0
18.5614,87.6771,5.0
18.6316,8.7843,0.5
18.6316,17.5685,1.0
18.6316,35.1371,2.0
18.6316,52.7056,3.0
18.6316,70.2741,4.0
18.6316,87.8427,5.0
18.7018,8.8008,0.5
18.7018,17.6016,1.0
18.7018,35.2032,2.0
18.7018,52.8048,3.0
18.7018,70.4064,4.0
18.7018,88.008,5.0
18.7719,8.8173,0.5
18.7719,17.6346,1.0
18.7719,35.2692,2.0
18.7719,52.9038,3.0
18.7719,70.5383,4.0
18.7719,88.1729,5.0
18.8421,8.8338,0.5
18.8421,17.6675,1.0
18.8421,35.335,2.0
18.8421,53.0025,3.0
18.8421,70.6701,4.0
18.8421,88.3376,5.0
18.9123,8.8502,0.5
18.9123,17.7004,1.0
18.9123,35.4008,2.0
18.9123,53.1012,3.0
18.9123,70.8015,4.0
18.9123,88.5019,5.0
18.9825,8.8666,0.5
18.9825,17.7332,1.0
18.9825,35.4664,2.0
18.9825,53.1996,3.0
18.9825,70.9328,4.0
18.9825,88.666,5.0
19.0526,8.883,0.5
19.0526,17.7659,1.0
19.0526,35.5319,2.0
19.0526,53.2978,3.0
19.0526,71.0638,4.0
19.0526,88.8297,5.0
19.1228,8.8993,0.5
19.1228,17.7986,1.0
19.1228,35.5973,2.0
19.1228,53.3959,3.0
19.1228,71.1945,4.0
19.1228,88.9931,5.0
19.193,8.9156,0.5
19.193,17.8313,1.0
19.193,35.6625,2.0
19.193,53.4938,3.0
19.193,71.325,4.0
19.193,89.1563,5.0
19.2632,8.9319,0.5
19.2632,17.8638,1.0
19.2632,35.7277,2.0
19.2632,53.5915,3.0
19.2632,71.4553,4.0
19.2632,89.3191,5.0
19.3333,8.9482,0.5
19.3333,17.8963,1.0
19.3333,35.7927,2.0
19.3333,53.689,3.0
19.3333,71.5853,4.0
19.3333,89.4817,5.0
19.4035,8.9644,0.5
19.4035,17.9288,1.0
19.4035,35.8576,2.0
19.4035,53.7864,3.0
19.4035,71.7151,4.0
19.4035,89.6439,5.0
19.4737,8.9806,0.5
19.4737,17.9612,1.0
19.4737,35.9224,2.0
19.4737,53.8835,3.0
19.4737,71.8447,4.0
19.4737,89.8059,5.0
19.5439,8.9968,0.5
19.5439,17.9935,1.0
19.5439,35.987,2.0
19.5439,53.9805,3.0
19.5439,71.974,4.0
19.5439,89.9676,5.0
19.614,9.0129,0.5
19.614,18.0258,1.0
19.614,36.0516,2.0
19.614,54.0774,3.0
19.614,72.1031,4.0
19.614,90.1289,5.0
19.6842,9.029,0.5
19.6842,18.058,1.0
19.6842,36.116,2.0
19.6842,54.174,3.0
19.6842,72.232,4.0
19.6842,90.29,5.0
19.7544,9.0451,0.5
19.7544,18.0902,1.0
19.7544,36.1803,2.0
19.7544,54.2705,3.0
19.7544,72.3607,4.0
19.7544,90.4508,5.0
19.8246,9.0611,0.5
19.8246,18.1223,1.0
19.8246,36.2445,2.0
19.8246,54.3668,3.0
19.8246,72.4891,4.0
19.8246,90.6113,5.0
19.8947,9.0772,0.5
19.8947,18.1543,1.0
19.8947,36.3086,2.0
19.8947,54.4629,3.0
19.8947,72.6173,4.0
19.8947,90.7716,5.0
19.9649,9.0932,0.5
19.9649,18.1863,1.0
19.9649,36.3726,2.0
19.9649,54.5589,3.0
19.9649,72.7452,4.0
19.9649,90.9315,5.0
20.0351,9.1091,0.5
20.0351,18.2182,1.0
20.0351,36.4365,2.0
20.0351,54.6547,3.0
20.0351,72.873,4.0
20.0351,91.0912,5.0
20.1053,9.1251,0.5
20.1053,18.2501,1.0
20.1053,36.5002,2.0
20.1053,54.7503,3.0
20.1053,73.0005,4.0
20.1053,91.2506,5.0
20.1754,9.141,0.5
20.1754,18.2819,1.0
20.1754,36.5639,2.0
20.1754,54.8458,3.0
20.1754,73.1278,4.0
20.1754,91.4097,5.0
20.2456,9.1569,0.5
20.2456,18.3137,1.0
20.2456,36.6274,2.0
20.2456,54.9411,3.0
20.2456,73.2548,4.0
20.2456,91.5685,5.0
20.3158,9.1727,0.5
20.3158,18.3454,1.0
20.3158,36.6908,2.0
20.3158,55.0363,3.0
20.3158,73.3817,4.0
20.3158,91.7271,5.0
20.386,9.1885,0.5
20.386,18.3771,1.0
20.386,36.7541,2.0
20.386,55.1312,3.0
20.386,73.5083,4.0
20.386,91.8854,5.0
20.4561,9.2043,0.5
20.4561,18.4087,1.0
20.4561,36.8174,2.0
20.4561,55.226,3.0
20.4561,73.6347,4.0
20.4561,92.0434,5.0
20.5263,9.2201,0.5
20.5263,18.4402,1.0
20.5263,36.8805,2.0
20.5263,55.3207,3.0
20.5263,73.7609,4.0
20.5263,92.2011,5.0
20.5965,9.2359,0.5
20.5965,18.4717,1.0
20.5965,36.9434,2.0
20.5965,55.4152,3.0
20.5965,73.8869,4.0
20.5965,92.3586,5.0
20.6667,9.2516,0.5
20.6667,18.5032,1.0
20.6667,37.0063,2.0
20.6667,55.5095,3.0
20.6667,74.0126,4.0
20.6667,92.5158,5.0
20.7368,9.2673,0.5
20.7368,18.5346,1.0
20.7368,37.0691,2.0
20.7368,55.6037,3.0
20.7368,74.1382,4.0
20.7368,92.6728,5.0
20.807,9.2829,0.5
20.807,18.5659,1.0
20.807,37.1318,2.0
20.807,55.6977,3.0
20.807,74.2635,4.0
20.807,92.8294,5.0
20.8772,9.2986,0.5
20.8772,18.5972,1.0
20.8772,37.1943,2.0
20.8772,55.7915,3.0
20.8772,74.3887,4.0
20.8772,92.9858,5.0
20.9474,9.3142,0.5
20.9474,18.6284,1.0
20.9474,37.2568,2.0
20.9474,55.8852,3.0
20.9474,74.5136,4.0
20.9474,93.142,5.0
21.0175,9.3298,0.5
21.0175,18.6596,1.0
21.0175,37.3191,2.0
21.0175,55.9787,3.0
21.0175,74.6383,4.0
21.0175,93.2979,5.0
21.0877,9.3453,0.5
21.0877,18.6907,1.0
21.0877,37.3814,2.0
21.0877,56.0721,3.0
21.0877,74.7628,4.0
21.0877,93.4535,5.0
21.1579,9.3609,0.5
21.1579,18.7218,1.0
21.1579,37.4435,2.0
21.1579,56.1653,3.0
21.1579,74.8871,4.0
21.1579,93.6089,5.0
21.2281,9.3764,0.5
21.2281,18.7528,1.0
21.2281,37.5056,2.0
21.2281,56.2584,3.0
21.2281,75.0112,4.0
21.2281,93.764,5.0
21.2982,9.3919,0.5
21.2982,18.7838,1.0
21.2982,37.5675,2.0
21.2982,56.3513,3.0
21.2982,75.1351,4.0
21.2982,93.9188,5.0
21.3684,9.4073,0.5
21.3684,18.8147,1.0
21.3684,37.6294,2.0
21.3684,56.4441,3.0
21.3684,75.2587,4.0
21.3684,94.0734,5.0
21.4386,9.4228,0.5
21.4386,18.8456,1.0
21.4386,37.6911,2.0
21.4386,56.5367,3.0
21.4386,75.3822,4.0
21.4386,94.2278,5.0
21.5088,9.4382,0.5
21.5088,18.8764,1.0
21.5088,37.7527,2.0
21.5088,56.6291,3.0
21.5088,75.5055,4.0
21.5088,94.3819,5.0
21.5789,9.4536,0.5
21.5789,18.9071,1.0
21.5789,37.8143,2.0
21.5789,56.7214,3.0
21.5789,75.6286,4.0
21.5789,94.5357,5.0
21.6491,9.4689,0.5
21.6491,18.9379,1.0
21.6491,37.8757,2.0
21.6491,56.8136,3.0
21.6491,75.7514,4.0
21.6491,94.6893,5.0
21.7193,9.4843,0.5
21.7193,18.9685,1.0
21.7193,37.9371,2.0
21.7193,56.9056,3.0
21.7193,75.8741,4.0
21.7193,94.8426,5.0
21.7895,9.4996,0.5
21.7895,18.9991,1.0
21.7895,37.9983,2.0
21.7895,56.9974,3.0
21.7895,75.9966,4.0
21.7895,94.9957,5.0
21.8596,9.5149,0.5
21.8596,19.0297,1.0
21.8596,38.0594,2.0
21.8596,57.0892,3.0
21.8596,76.1189,4.0
21.8596,95.1486,5.0
21.9298,9.5301,0.5
21.9298,19.0602,1.0
21.9298,38.1205,2.0
21.9298,57.1807,3.0
21.9298,76.241,4.0
21.9298,95.3012,5.0
22.0,9.5454,0.5
22.0,19.0907,1.0
22.0,38.1814,2.0
22.0,57.2721,3.0
22.0,76.3628,4.0
22.0,95.4536,5.0
22.0702,9.5606,0.5
22.0702,19.1211,1.0
22.0702,38.2423,2.0
22.0702,57.3634,3.0
22.0702,76.4845,4.0
22.0702,95.6057,5.0
22.1404,9.5758,0.5
22.1404,19.1515,1.0
22.1404,38.303,2.0
22.1404,57.4545,3.0
22.1404,76.606,4.0
22.1404,95.7575,5.0
22.2105,9.5909,0.5
22.2105,19.1818,1.0
22.2105,38.3637,2.0
22.2105,57.5455,3.0
22.2105,76.7273,4.0
22.2105,95.9092,5.0
22.2807,9.6061,0.5
22.2807,19.2121,1.0
22.2807,38.4242,2.0
22.2807,57.6363,3.0
22.2807,76.8485,4.0
22.2807,96.0606,5.0
22.3509,9.6212,0.5
22.3509,19.2423,1.0
22.3509,38.4847,2.0
22.3509,57.727,3.0
22.3509,76.9694,4.0
22.3509,96.2117,5.0
22.4211,9.6363,0.5
22.4211,19.2725,1.0
22.4211,38.5451,2.0
22.4211,57.8176,3.0
22.4211,77.0901,4.0
22.4211,96.3627,5.0
22.4912,9.6513,0.5
22.4912,19.3027,1.0
22.4912,38.6053,2.0
22.4912,57.908,3.0
22.4912,77.2107,4.0
22.4912,96.5133,5.0
22.5614,9.6664,0.5
22.5614,19.3328,1.0
22.5614,38.6655,2.0
22.5614,57.9983,3.0
22.5614,77.331,4.0
22.5614,96.6638,5.0
22.6316,9.6814,0.5
22.6316,19.3628,1.0
22.6316,38.7256,2.0
22.6316,58.0884,3.0
22.6316,77.4512,4.0
22.6316,96.814,5.0
22.7018,9.6964,0.5
22.7018,19.3928,1.0
22.7018,38.7856,2.0
22.7018,58.1784,3.0
22.7018,77.5712,4.0
22.7018,96.964,5.0
22.7719,9.7114,0.5
22.7719,19.4227,1.0
22.7719,38.8455,2.0
22.7719,58.2682,3.0
22.7719,77.691,4.0
22.7719,97.1137,5.0
22.8421,9.7263,0.5
22.8421,19.4527,1.0
22.8421,38.9053,2.0
22.8421,58.358,3.0
22.8421,77.8106,4.0
22.8421,97.2633,5.0
22.9123,9.7413,0.5
22.9123,19.4825,1.0
22.9123,38.965,2.0
22.9123,58.4475,3.0
22.9123,77.93,4.0
22.9123,97.4125,5.0
22.9825,9.7562,0.5
22.9825,19.5123,1.0
22.9825,39.0246,2.0
22.9825,58.537,3.0
22.9825,78.0493,4.0
22.9825,97.5616,5.0
23.0526,9.771,0.5
23.0526,19.5421,1.0
23.0526,39.0842,2.0
23.0526,58.6263,3.0
23.0526,78.1684,4.0
23.0526,97.7104,5.0
23.1228,9.7859,0.5
23.1228,19.5718,1.0
23.1228,39.1436,2.0
23.1228,58.7154,3.0
23.1228,78.2872,4.0
23.1228,97.8591,5.0
23.193,9.8007,0.5
23.193,19.6015,1.0
23.193,39.203,2.0
23.193,58.8045,3.0
23.193,78.406,4.0
23.193,98.0074,5.0
23.2632,9.8156,0.5
23.2632,19.6311,1.0
23.2632,39.2622,2.0
23.2632,58.8934,3.0
23.2632,78.5245,4.0
23.2632,98.1556,5.0
23.3333,9.8304,0.5
23.3333,19.6607,1.0
23.3333,39.3214,2.0
23.3333,58.9821,3.0
23.3333,78.6428,4.0
23.3333,98.3035,5.0
23.4035,9.8451,0.5
23.4035,19.6902,1.0
23.4035,39.3805,2.0
23.4035,59.0707,3.0
23.4035,78.761,4.0
23.4035,98.4512,5.0
23.4737,9.8599,0.5
23.4737,19.7197,1.0
23.4737,39.4395,2.0
23.4737,59.1592,3.0
23.4737,78.879,4.0
23.4737,98.5987,5.0
23.5439,9.8746,0.5
23.5439,19.7492,1.0
23.5439,39.4984,2.0
23.5439,59.2476,3.0
23.5439,78.9968,4.0
23.5439,98.746,5.0
23.614,9.8893,0.5
23.614,19.7786,1.0
23.614,39.5572,2.0
23.614,59.3358,3.0
23.614,79.1145,4.0
23.614,98.8931,5.0
23.6842,9.904,0.5
23.6842,19.808,1.0
23.6842,39.616,2.0
23.6842,59.4239,3.0
23.6842,79.2319,4.0
23.6842,99.0399,5.0
23.7544,9.9187,0.5
23.7544,19.8373,1.0
23.7544,39.6746,2.0
23.7544,59.5119,3.0
23.7544,79.3492,4.0
23.7544,99.1865,5.0
23.8246,9.9333,0.5
23.8246,19.8666,1.0
23.8246,39.7332,2.0
23.8246,59.5998,3.0
23.8246,79.4663,4.0
23.8246,99.3329,5.0
23.8947,9.9479,0.5
23.8947,19.8958,1.0
23.8947,39.7916,2.0
23.8947,59.6875,3.0
23.8947,79.5833,4.0
23.8947,99.4791,5.0
23.9649,9.9625,0.5
23.9649,19.925,1.0
23.9649,39.85,2.0
23.9649,59.775,3.0
23.9649,79.7001,4.0
23.9649,99.6251,5.0
24.0351,9.9771,0.5
24.0351,19.9542,1.0
24.0351,39.9083,2.0
24.0351,59.8625,3.0
24.0351,79.8167,4.0
24.0351,99.7708,5.0
24.1053,9.9916,0.5
24.1053,19.9833,1.0
24.1053,39.9666,2.0
24.1053,59.9498,3.0
24.1053,79.9331,4.0
24.1053,99.9164,5.0
24.1754,10.0062,0.5
24.1754,20.0123,1.0
24.1754,40.0247,2.0
24.1754,60.037,3.0
24.1754,80.0494,4.0
24.1754,100.0617,5.0
24.2456,10.0207,0.5
24.2456,20.0414,1.0
24.2456,40.0827,2.0
24.2456,60.1241,3.0
24.2456,80.1655,4.0
24.2456,100.2068,5.0
24.3158,10.0352,0.5
24.3158,20.0703,1.0
24.3158,40.1407,2.0
24.3158,60.211,3.0
24.3158,80.2814,4.0
24.3158,100.3517,5.0
24.386,10.0496,0.5
24.386,20.0993,1.0
24.386,40.1986,2.0
24.386,60.2979,3.0
24.386,80.3972,4.0
24.386,100.4964,5.0
24.4561,10.0641,0.5
24.4561,20.1282,1.0
24.4561,40.2564,2.0
24.4561,60.3846,3.0
24.4561,80.5128,4.0
24.4561,100.6409,5.0
24.5263,10.0785,0.5
24.5263,20.157,1.0
24.5263,40.3141,2.0
24.5263,60.4711,3.0
24.5263,80.6282,4.0
24.5263,100.7852,5.0
24.5965,10.0929,0.5
24.5965,20.1859,1.0
24.5965,40.3717,2.0
24.5965,60.5576,3.0
24.5965,80.7435,4.0
24.5965,100.9293,5.0
24.6667,10.1073,0.5
24.6667,20.2146,1.0
24.6667,40.4293,2.0
24.6667,60.6439,3.0
24.6667,80.8586,4.0
24.6667,101.0732,5.0
24.7368,10.1217,0.5
24.7368,20.2434,1.0
24.7368,40.4867,2.0
24.7368,60.7301,3.0
24.7368,80.9735,4.0
24.7368,101.2169,5.0
24.807,10.136,0.5
24.807,20.2721,1.0
24.807,40.5441,2.0
24.807,60.8162,3.0
24.807,81.0883,4.0
24.807,101.3603,5.0
24.8772,10.1504,0.5
24.8772,20.3007,1.0
24.8772,40.6014,2.0
24.8772,60.9022,3.0
24.8772,81.2029,4.0
24.8772,101.5036,5.0
24.9474,10.1647,0.5
24.9474,20.3293,1.0
24.9474,40.6587,2.0
24.9474,60.988,3.0
24.9474,81.3173,4.0
24.9474,101.6467,5.0
25.0175,10.179,0.5
25.0175,20.3579,1.0
25.0175,40.7158,2.0
25.0175,61.0737,3.0
25.0175,81.4316,4.0
25.0175,101.7895,5.0
25.0877,10.1932,0.5
25.0877,20.3864,1.0
25.0877,40.7729,2.0
25.0877,61.1593,3.0
25.0877,81.5457,4.0
25.0877,101.9322,5.0
25.1579,10.2075,0.5
25.1579,20.4149,1.0
25.1579,40.8299,2.0
25.1579,61.2448,3.0
25.1579,81.6597,4.0
25.1579,102.0746,5.0
25.2281,10.2217,0.5
25.2281,20.4434,1.0
25.2281,40.8868,2.0
25.2281,61.3301,3.0
25.2281,81.7735,4.0
25.2281,102.2169,5.0
25.2982,10.2359,0.5
25.2982,20.4718,1.0
25.2982,40.9436,2.0
25.2982,61.4154,3.0
25.2982,81.8872,4.0
25.2982,102.359,5.0
25.3684,10.2501,0.5
25.3684,20.5002,1.0
25.3684,41.0003,2.0
25.3684,61.5005,3.0
25.3684,82.0007,4.0
25.3684,102.5008,5.0
25.4386,10.2643,0.5
25.4386,20.5285,1.0
25.4386,41.057,2.0
25.4386,61.5855,3.0
25.4386,82.114,4.0
25.4386,102.6425,5.0
25.5088,10.2784,0.5
25.5088,20.5568,1.0
25.5088,41.1136,2.0
25.5088,61.6704,3.0
25.5088,82.2272,4.0
25.5088,102.784,5.0
25.5789,10.2925,0.5
25.5789,20.5851,1.0
25.5789,41.1701,2.0
25.5789,61.7552,3.0
25.5789,82.3402,4.0
25.5789,102.9253,5.0
25.6491,10.3066,0.5
25.6491,20.6133,1.0
25.6491,41.2266,2.0
25.6491,61.8398,3.0
25.6491,82.4531,4.0
25.6491,103.0664,5.0
25.7193,10.3207,0.5
25.7193,20.6415,1.0
25.7193,41.2829,2.0
25.7193,61.9244,3.0
25.7193,82.5658,4.0
25.7193,103.2073,5.0
25.7895,10.3348,0.5
25.7895,20.6696,1.0
25.7895,41.3392,2.0
25.7895,62.0088,3.0
25.7895,82.6784,4.0
25.7895,103.348,5.0
25.8596,10.3488,0.5
25.8596,20.6977,1.0
25.8596,41.3954,2.0
25.8596,62.0931,3.0
25.8596,82.7908,4.0
25.8596,103.4885,5.0
25.9298,10.3629,0.5
25.9298,20.7258,1.0
25.9298,41.4515,2.0
25.9298,62.1773,3.0
25.9298,82.9031,4.0
25.9298,103.6288,5.0
26.0,10.3769,0.5
26.0,20.7538,1.0
26.0,41.5076,2.0
26.0,62.2614,3.0
26.0,83.0152,4.0
26.0,103.7689,5.0
26.0702,10.3909,0.5
26.0702,20.7818,1.0
26.0702,41.5636,2.0
26.0702,62.3453,3.0
26.0702,83.1271,4.0
26.0702,103.9089,5.0
26.1404,10.4049,0.5
26.1404,20.8097,1.0
26.1404,41.6195,2.0
26.1404,62.4292,3.0
26.1404,83.2389,4.0
26.1404,104.0487,5.0
26.2105,10.4188,0.5
26.2105,20.8376,1.0
26.2105,41.6753,2.0
26.2105,62.5129,3.0
26.2105,83.3506,4.0
26.2105,104.1882,5.0
26.2807,10.4328,0.5
26.2807,20.8655,1.0
26.2807,41.731,2.0
26.2807,62.5966,3.0
26.2807,83.4621,4.0
26.2807,104.3276,5.0
26.3509,10.4467,0.5
26.3509,20.8934,1.0
26.3509,41.7867,2.0
26.3509,62.6801,3.0
26.3509,83.5734,4.0
26.3509,104.4668,5.0
26.4211,10.4606,0.5
26.4211,20.9212,1.0
26.4211,41.8423,2.0
26.4211,62.7635,3.0
26.4211,83.6846,4.0
26.4211,104.6058,5.0
26.4912,10.4745,0.5
26.4912,20.9489,1.0
26.4912,41.8979,2.0
26.4912,62.8468,3.0
26.4912,83.7957,4.0
26.4912,104.7446,5.0
26.5614,10.4883,0.5
26.5614,20.9767,1.0
26.5614,41.9533,2.0
26.5614,62.93,3.0
26.5614,83.9066,4.0
26.5614,104.8833,5.0
26.6316,10.5022,0.5
26.6316,21.0043,1.0
26.6316,42.0087,2.0
26.6316,63.013,3.0
26.6316,84.0174,4.0
26.6316,105.0217,5.0
26.7018,10.516,0.5
26.7018,21.032,1.0
26.7018,42.064,2.0
26.7018,63.096,3.0
26.7018,84.128,4.0
26.7018,105.16,5.0
26.7719,10.5298,0.5
26.7719,21.0596,1.0
26.7719,42.1192,2.0
26.7719,63.1789,3.0
26.7719,84.2385,4.0
26.7719,105.2981,5.0
26.8421,10.5436,0.5
26.8421,21.0872,1.0
26.8421,42.1744,2.0
26.8421,63.2616,3.0
26.8421,84.3488,4.0
26.8421,105.436,5.0
26.9123,10.5574,0.5
26.9123,21.1148,1.0
26.9123,42.2295,2.0
26.9123,63.3443,3.0
26.9123,84.459,4.0
26.9123,105.5738,5.0
26.9825,10.5711,0.5
26.9825,21.1423,1.0
26.9825,42.2845,2.0
26.9825,63.4268,3.0
26.9825,84.5691,4.0
26.9825,105.7113,5.0
27.0526,10.5849,0.5
27.0526,21.1697,1.0
27.0526,42.3395,2.0
27.0526,63.5092,3.0
27.0526,84.679,4.0
27.0526,105.8487,5.0
27.1228,10.5986,0.5
27.1228,21.1972,1.0
27.1228,42.3944,2.0
27.1228,63.5915,3.0
27.1228,84.7887,4.0
27.1228,105.9859,5.0
27.193,10.6123,0.5
27.193,21.2246,1.0
27.193,42.4492,2.0
27.193,63.6737,3.0
27.193,84.8983,4.0
27.193,106.1229,5.0
27.2632,10.626,0.5
27.2632,21.252,1.0
27.2632,42.5039,2.0
27.2632,63.7559,3.0
27.2632,85.0078,4.0
27.2632,106.2598,5.0
27.3333,10.6396,0.5
27.3333,21.2793,1.0
27.3333,42.5586,2.0
27.3333,63.8379,3.0
27.3333,85.1171,4.0
27.3333,106.3964,5.0
27.4035,10.6533,0.5
27.4035,21.3066,1.0
27.4035,42.6132,2.0
27.4035,63.9198,3.0
27.4035,85.2263,4.0
27.4035,106.5329,5.0
27.4737,10.6669,0.5
27.4737,21.3338,1.0
27.4737,42.6677,2.0
27.4737,64.0015,3.0
27.4737,85.3354,4.0
27.4737,106.6692,5.0
27.5439,10.6805,0.5
27.5439,21.3611,1.0
27.5439,42.7222,2.0
27.5439,64.0832,3.0
27.5439,85.4443,4.0
27.5439,106.8054,5.0
27.614,10.6941,0.5
27.614,21.3883,1.0
27.614,42.7765,2.0
27.614,64.1648,3.0
27.614,85.5531,4.0
27.614,106.9414,5.0
27.6842,10.7077,0.5
27.6842,21.4154,1.0
27.6842,42.8309,2.0
27.6842,64.2463,3.0
27.6842,85.6617,4.0
27.6842,107.0772,5.0
27.7544,10.7213,0.5
27.7544,21.4426,1.0
27.7544,42.8851,2.0
27.7544,64.3277,3.0
27.7544,85.7702,4.0
27.7544,107.2128,5.0
27.8246,10.7348,0.5
27.8246,21.4696,1.0
27.8246,42.9393,2.0
27.8246,64.4089,3.0
27.8246,85.8786,4.0
27.8246,107.3482,5.0
27.8947,10.7484,0.5
27.8947,21.4967,1.0
27.8947,42.9934,2.0
27.8947,64.4901,3.0
27.8947,85.9868,4.0
27.8947,107.4835,5.0
27.9649,10.7619,0.5
27.9649,21.5237,1.0
27.9649,43.0475,2.0
27.9649,64.5712,3.0
27.9649,86.0949,4.0
27.9649,107.6186,5.0
28.0351,10.7754,0.5
28.0351,21.5507,1.0
28.0351,43.1014,2.0
28.0351,64.6521,3.0
28.0351,86.2029,4.0
28.0351,107.7536,5.0
28.1053,10.7888,0.5
28.1053,21.5777,1.0
28.1053,43.1553,2.0
28.1053,64.733,3.0
28.1053,86.3107,4.0
28.1053,107.8884,5.0
28.1754,10.8023,0.5
28.1754,21.6046,1.0
28.1754,43.2092,2.0
28.1754,64.8138,3.0
28.1754,86.4184,4.0
28.1754,108.023,5.0
28.2456,10.8157,0.5
28.2456,21.6315,1.0
28.2456,43.263,2.0
28.2456,64.8944,3.0
28.2456,86.5259,4.0
28.2456,108.1574,5.0
28.3158,10.8292,0.5
28.3158,21.6583,1.0
28.3158,43.3167,2.0
28.3158,64.975,3.0
28.3158,86.6333,4.0
28.3158,108.2917,5.0
28.386,10.8426,0.5
28.386,21.6852,1.0
28.386,43.3703,2.0
28.386,65.0555,3.0
28.386,86.7406,4.0
28.386,108.4258,5.0
28.4561,10.856,0.5
28.4561,21.7119,1.0
28.4561,43.4239,2.0
28.4561,65.1358,3.0
28.4561,86.8478,4.0
28.4561,108.5597,5.0
28.5263,10.8694,0.5
28.5263,21.7387,1.0
28.5263,43.4774,2.0
28.5263,65.2161,3.0
28.5263,86.9548,4.0
28.5263,108.6935,5.0
28.5965,10.8827,0.5
28.5965,21.7654,1.0
28.5965,43.5308,2.0
28.5965,65.2963,3.0
28.5965,87.0617,4.0
28.5965,108.8271,5.0
28.6667,10.8961,0.5
28.6667,21.7921,1.0
28.6667,43.5842,2.0
28.6667,65.3763,3.0
28.6667,87.1685,4.0
28.6667,108.9606,5.0
28.7368,10.9094,0.5
28.7368,21.8188,1.0
28.7368,43.6375,2.0
28.7368,65.4563,3.0
28.7368,87.2751,4.0
28.7368,109.0938,5.0
28.807,10.9227,0.5
28.807,21.8454,1.0
28.807,43.6908,2.0
28.807,65.5362,3.0
28.807,87.3816,4.0
28.807,109.227,5.0
28.8772,10.936,0.5
28.8772,21.872,1.0
28.8772,43.744,2.0
28.8772,65.616,3.0
28.8772,87.4879,4.0
28.8772,109.3599,5.0
28.9474,10.9493,0.5
28.9474,21.8985,1.0
28.9474,43.7971,2.0
28.9474,65.6956,3.0
28.9474,87.5942,4.0
28.9474,109.4927,5.0
29.0175,10.9625,0.5
29.0175,21.9251,1.0
29.0175,43.8501,2.0
29.0175,65.7752,3.0
29.0175,87.7003,4.0
29.0175,109.6254,5.0
29.0877,10.9758,0.5
29.0877,21.9516,1.0
29.0877,43.9031,2.0
29.0877,65.8547,3.0
29.0877,87.8063,4.0
29.0877,109.7578,5.0
29.1579,10.989,0.5
29.1579,21.978,1.0
29.1579,43.9561,2.0
29.1579,65.9341,3.0
29.1579,87.9121,4.0
29.1579,109.8902,5.0
29.2281,11.0022,0.5
29.2281,22.0045,1.0
29.2281,44.0089,2.0
29.2281,66.0134,3.0
29.2281,88.0179,4.0
29.2281,110.0223,5.0
29.2982,11.0154,0.5
29.2982,22.0309,1.0
29.2982,44.0617,2.0
29.2982,66.0926,3.0
29.2982,88.1235,4.0
29.2982,110.1543,5.0
29.3684,11.0286,0.5
29.3684,22.0572,1.0
29.3684,44.1145,2.0
29.3684,66.1717,3.0
29.3684,88.2289,4.0
29.3684,110.2862,5.0
29.4386,11.0418,0.5
29.4386,22.0836,1.0
29.4386,44.1671,2.0
29.4386,66.2507,3.0
29.4386,88.3343,4.0
29.4386,110.4179,5.0
29.5088,11.0549,0.5
29.5088,22.1099,1.0
29.5088,44.2198,2.0
29.5088,66.3296,3.0
29.5088,88.4395,4.0
29.5088,110.5494,5.0
29.5789,11.0681,0.5
29.5789,22.1362,1.0
29.5789,44.2723,2.0
29.5789,66.4085,3.0
29.5789,88.5446,4.0
29.5789,110.6808,5.0
29.6491,11.0812,0.5
29.6491,22.1624,1.0
29.6491,44.3248,2.0
29.6491,66.4872,3.0
29.6491,88.6496,4.0
29.6491,110.812,5.0
29.7193,11.0943,0.5
29.7193,22.1886,1.0
29.7193,44.3772,2.0
29.7193,66.5658,3.0
29.7193,88.7544,4.0
29.7193,110.943,5.0
29.7895,11.1074,0.5
29.7895,22.2148,1.0
29.7895,44.4296,2.0
29.7895,66.6444,3.0
29.7895,88.8591,4.0
29.7895,111.0739,5.0
29.8596,11.1205,0.5
29.8596,22.2409,1.0
29.8596,44.4819,2.0
29.8596,66.7228,3.0
29.8596,88.9638,4.0
29.8596,111.2047,5.0
29.9298,11.1335,0.5
29.9298,22.2671,1.0
29.9298,44.5341,2.0
29.9298,66.8012,3.0
29.9298,89.0682,4.0
29.9298,111.3353,5.0
30.0,11.1466,0.5
30.0,22.2931,1.0
30.0,44.5863,2.0
30.0,66.8794,3.0
30.0,89.1726,4.0
30.0,111.4657,5.0
